{
  "best": {
    "model": "RandomForest",
    "best_params": {
      "model__n_estimators": 200,
      "model__min_samples_split": 2,
      "model__min_samples_leaf": 1,
      "model__max_features": 0.5,
      "model__max_depth": null
    },
    "rmse": 280.07521223593665,
    "mae": 83.16352087849387,
    "r2": 0.9312526292887181,
    "cv_rmse": 283.8688485272275
  },
  "all": [
    {
      "model": "DecisionTree",
      "best_params": {
        "model__min_samples_split": 5,
        "model__min_samples_leaf": 1,
        "model__max_depth": 20
      },
      "rmse": 302.9240760701948,
      "mae": 108.54269165881742,
      "r2": 0.9195780999857289,
      "cv_rmse": 310.8005882013922
    },
    {
      "model": "RandomForest",
      "best_params": {
        "model__n_estimators": 200,
        "model__min_samples_split": 2,
        "model__min_samples_leaf": 1,
        "model__max_features": 0.5,
        "model__max_depth": null
      },
      "rmse": 280.07521223593665,
      "mae": 83.16352087849387,
      "r2": 0.9312526292887181,
      "cv_rmse": 283.8688485272275
    },
    {
      "model": "GradientBoosting",
      "best_params": {
        "model__subsample": 1.0,
        "model__n_estimators": 100,
        "model__max_depth": 3,
        "model__learning_rate": 0.1
      },
      "rmse": 326.47649984695516,
      "mae": 165.62843299217593,
      "r2": 0.906586295136817,
      "cv_rmse": 330.0391447704223
    },
    {
      "model": "AdaBoost",
      "best_params": {
        "model__n_estimators": 100,
        "model__learning_rate": 0.05
      },
      "rmse": 465.35031895813074,
      "mae": 362.4906153357342,
      "r2": 0.8102128617256004,
      "cv_rmse": 475.68380740697035
    }
  ]
}